-- phpMyAdmin SQL Dump
-- version 5.0.2
-- https://www.phpmyadmin.net/
--
-- Host: localhost
-- Generation Time: Aug 08, 2020 at 12:46 PM
-- Server version: 10.4.13-MariaDB
-- PHP Version: 7.4.7

SET SQL_MODE = "NO_AUTO_VALUE_ON_ZERO";
START TRANSACTION;
SET time_zone = "+00:00";


/*!40101 SET @OLD_CHARACTER_SET_CLIENT=@@CHARACTER_SET_CLIENT */;
/*!40101 SET @OLD_CHARACTER_SET_RESULTS=@@CHARACTER_SET_RESULTS */;
/*!40101 SET @OLD_COLLATION_CONNECTION=@@COLLATION_CONNECTION */;
/*!40101 SET NAMES utf8mb4 */;

--
-- Database: `7th_project`
--

-- --------------------------------------------------------

--
-- Table structure for table `apple`
--

CREATE TABLE `apple` (
  `Month` varchar(7) NOT NULL,
  `Quantity` float NOT NULL
) ENGINE=InnoDB DEFAULT CHARSET=utf8mb4;

--
-- Dumping data for table `apple`
--

INSERT INTO `apple` (`Month`, `Quantity`) VALUES
('2009-01', 2108300),
('2009-02', 1426650),
('2009-03', 1970610),
('2009-04', 2451600),
('2009-05', 2305310),
('2009-06', 575458),
('2009-07', 202669),
('2009-08', 1166100),
('2009-09', 4036540),
('2009-10', 4181090),
('2009-11', 3282710),
('2009-12', 3036140),
('2010-01', 2579810),
('2010-02', 2884800),
('2010-03', 4100080),
('2010-04', 4838550),
('2010-05', 3813610),
('2010-06', 2659960),
('2010-07', 1048690),
('2010-08', 825000),
('2010-09', 4716440),
('2010-10', 5192050),
('2010-11', 3648910),
('2010-12', 2793420),
('2011-01', 901884),
('2011-02', 47885),
('2011-03', 352754),
('2011-04', 9572910),
('2011-05', 11540200),
('2011-06', 3199820),
('2011-07', 1745860),
('2011-08', 2503780),
('2011-09', 6049120),
('2011-10', 8495550),
('2011-11', 2318180),
('2011-12', 2972200),
('2012-01', 700093),
('2012-02', 3146990),
('2012-03', 4892730),
('2012-04', 5237480),
('2012-05', 3935190),
('2012-06', 3583260),
('2012-07', 2148940),
('2012-08', 3348150),
('2012-09', 5555610),
('2012-10', 6901600),
('2012-11', 4785650),
('2012-12', 1732250),
('2013-01', 3158790),
('2013-02', 3519640),
('2013-03', 6127400),
('2013-04', 4199490),
('2013-05', 6629100),
('2013-06', 5112540),
('2013-07', 3788770),
('2013-08', 4663920),
('2013-09', 4670340),
('2013-10', 8754050),
('2013-11', 5370950),
('2013-12', 3788820),
('2014-01', 3273620),
('2014-02', 3283700),
('2014-03', 6141150),
('2014-04', 7095770),
('2014-05', 5829640),
('2014-06', 1270880),
('2014-07', 519600),
('2014-08', 3224620),
('2014-09', 4851030),
('2014-10', 6968770),
('2014-11', 4482310),
('2014-12', 4124960),
('2015-01', 3892760),
('2015-02', 2294780),
('2015-03', 3580990),
('2015-04', 2653750),
('2015-05', 1583660),
('2015-06', 7185740),
('2015-07', 3480590),
('2015-08', 4217990),
('2015-09', 4926920),
('2015-10', 6165980),
('2015-11', 4968460),
('2015-12', 4423320),
('2016-01', 4863870),
('2016-02', 1967220),
('2016-03', 7213000),
('2016-04', 9440120),
('2016-05', 7447040),
('2016-06', 4877820),
('2016-07', 2572380),
('2016-08', 6548560),
('2016-09', 8301880),
('2016-10', 11995400),
('2016-11', 5075770),
('2016-12', 7197120),
('2017-01', 5930920),
('2017-02', 6366890),
('2017-03', 6382940),
('2017-04', 10021200),
('2017-05', 6915400),
('2017-06', 6080130),
('2017-07', 4259340),
('2017-08', 6968620),
('2017-09', 9711310),
('2017-10', 9162050),
('2017-11', 5651680),
('2017-12', 8094740),
('2018-01', 0),
('2018-02', 3420500),
('2018-03', 8560650),
('2018-04', 12068200),
('2018-05', 12063900),
('2018-06', 6399150),
('2018-07', 5066970),
('2018-08', 6415610),
('2018-09', 7921340),
('2018-10', 12126600),
('2018-11', 8326420),
('2018-12', 4018750);

-- --------------------------------------------------------

--
-- Table structure for table `elaichi`
--

CREATE TABLE `elaichi` (
  `Month` varchar(7) NOT NULL,
  `Quantity` float NOT NULL
) ENGINE=InnoDB DEFAULT CHARSET=utf8mb4;

--
-- Dumping data for table `elaichi`
--

INSERT INTO `elaichi` (`Month`, `Quantity`) VALUES
('2013-07', 151345),
('2013-08', 278757),
('2013-09', 342140),
('2013-10', 468759),
('2013-11', 712153),
('2013-12', 733930),
('2014-01', 496021),
('2014-02', 347650),
('2014-03', 554990),
('2014-04', 403650),
('2014-05', 117900),
('2014-06', 198995),
('2014-07', 176000),
('2014-08', 84450),
('2014-09', 146390),
('2014-10', 191500),
('2014-11', 363500),
('2014-12', 421140),
('2015-01', 295999),
('2015-02', 199465),
('2015-03', 226300),
('2015-04', 306610),
('2015-05', 385860),
('2015-06', 134110),
('2015-07', 209765),
('2015-08', 219955),
('2015-09', 158998),
('2015-10', 279200),
('2015-11', 398100),
('2015-12', 414850),
('2016-01', 292380),
('2016-02', 285710),
('2016-03', 296240),
('2016-04', 364455),
('2016-05', 272225),
('2016-06', 254620),
('2016-07', 262750),
('2016-08', 223527),
('2016-09', 128200),
('2016-10', 155450),
('2016-11', 173290),
('2016-12', 309460),
('2017-01', 483060),
('2017-02', 383015),
('2017-03', 375515),
('2017-04', 449255),
('2017-05', 373125),
('2017-06', 211125),
('2017-07', 167347),
('2017-08', 316830),
('2017-09', 343750),
('2017-10', 228280),
('2017-11', 785070),
('2017-12', 568395),
('2018-01', 568395),
('2018-02', 393275),
('2018-03', 275089),
('2018-04', 416775),
('2018-05', 423315),
('2018-06', 396145),
('2018-07', 282600),
('2018-08', 464065),
('2018-09', 254050),
('2018-10', 180572),
('2018-11', 293000),
('2018-12', 322075);

-- --------------------------------------------------------

--
-- Table structure for table `herbs`
--

CREATE TABLE `herbs` (
  `Month` varchar(7) NOT NULL,
  `Quantity` float NOT NULL
) ENGINE=InnoDB DEFAULT CHARSET=utf8mb4;

--
-- Dumping data for table `herbs`
--

INSERT INTO `herbs` (`Month`, `Quantity`) VALUES
('2009-01', 379934),
('2009-02', 289147),
('2009-03', 345271),
('2009-04', 634783),
('2009-05', 741528),
('2009-06', 1172770),
('2009-07', 857457),
('2009-08', 522766),
('2009-09', 333481),
('2009-10', 262504),
('2009-11', 324708),
('2009-12', 576583),
('2010-01', 725516),
('2010-02', 392520),
('2010-03', 540539),
('2010-04', 909267),
('2010-05', 863139),
('2010-06', 981373),
('2010-07', 672679),
('2010-08', 320008),
('2010-09', 395519),
('2010-10', 137310),
('2010-11', 160841),
('2010-12', 547837),
('2011-01', 879279),
('2011-02', 1086290),
('2011-03', 848630),
('2011-04', 1425220),
('2011-05', 1601670),
('2011-06', 1447280),
('2011-07', 600358),
('2011-08', 410040),
('2011-09', 487070),
('2011-10', 177297),
('2011-11', 337436),
('2011-12', 764068),
('2012-01', 677507),
('2012-02', 755820),
('2012-03', 658751),
('2012-04', 966088),
('2012-05', 945806),
('2012-06', 487746),
('2012-07', 686908),
('2012-08', 513407),
('2012-09', 594843),
('2012-10', 350151),
('2012-11', 341182),
('2012-12', 603665),
('2013-01', 234737),
('2013-02', 334721),
('2013-03', 358415),
('2013-04', 503869),
('2013-05', 629432),
('2013-06', 577732),
('2013-07', 764279),
('2013-08', 320513),
('2013-09', 847645),
('2013-10', 386300),
('2013-11', 495055),
('2013-12', 367198),
('2014-01', 247574),
('2014-02', 394409),
('2014-03', 383603),
('2014-04', 517198),
('2014-05', 452849),
('2014-06', 294785),
('2014-07', 477718),
('2014-08', 263863),
('2014-09', 473836),
('2014-10', 463883),
('2014-11', 219793),
('2014-12', 555177),
('2015-01', 183935),
('2015-02', 415187),
('2015-03', 352307),
('2015-04', 252572),
('2015-05', 332328),
('2015-06', 520599),
('2015-07', 232833),
('2015-08', 256927),
('2015-09', 115712),
('2015-10', 229236),
('2015-11', 181112),
('2015-12', 619331),
('2016-01', 221551),
('2016-02', 476781),
('2016-03', 632007),
('2016-04', 561189),
('2016-05', 670420),
('2016-06', 437294),
('2016-07', 223959),
('2016-08', 198956),
('2016-09', 230616),
('2016-10', 128478),
('2016-11', 308702),
('2016-12', 539449),
('2017-01', 383675),
('2017-02', 354214),
('2017-03', 644871),
('2017-04', 508780),
('2017-05', 473048),
('2017-06', 336551),
('2017-07', 50135),
('2017-08', 197371),
('2017-09', 235803),
('2017-10', 131540),
('2017-11', 287500),
('2017-12', 261035),
('2018-01', 624415),
('2018-02', 881207),
('2018-03', 952630),
('2018-04', 646094),
('2018-05', 561744),
('2018-06', 497921),
('2018-07', 389783),
('2018-08', 356549),
('2018-09', 310997),
('2018-10', 104823),
('2018-11', 273139),
('2018-12', 485785);

-- --------------------------------------------------------

--
-- Table structure for table `potato`
--

CREATE TABLE `potato` (
  `Month` varchar(7) NOT NULL,
  `Quantity` float NOT NULL
) ENGINE=InnoDB DEFAULT CHARSET=utf8mb4;

--
-- Dumping data for table `potato`
--

INSERT INTO `potato` (`Month`, `Quantity`) VALUES
('2009-01', 1884840),
('2009-02', 1062720),
('2009-03', 1886980),
('2009-04', 4708040),
('2009-05', 1951190),
('2009-06', 2638840),
('2009-07', 5201910),
('2009-08', 6288030),
('2009-09', 7778690),
('2009-10', 6282730),
('2009-11', 5054750),
('2009-12', 5477560),
('2010-01', 6685120),
('2010-02', 4318700),
('2010-03', 8876350),
('2010-04', 8260820),
('2010-05', 7602090),
('2010-06', 7928430),
('2010-07', 10270900),
('2010-08', 9816050),
('2010-09', 13962800),
('2010-10', 15629500),
('2010-11', 6751320),
('2010-12', 6536660),
('2011-01', 8784540),
('2011-02', 4749420),
('2011-03', 2442480),
('2011-04', 1007130),
('2011-05', 2186650),
('2011-06', 4039220),
('2011-07', 8074430),
('2011-08', 14205600),
('2011-09', 20175200),
('2011-10', 24109200),
('2011-11', 20997900),
('2011-12', 18002600),
('2012-01', 10572500),
('2012-02', 9794710),
('2012-03', 10305100),
('2012-04', 9942630),
('2012-05', 5772180),
('2012-06', 8690850),
('2012-07', 12279300),
('2012-08', 16598800),
('2012-09', 23965500),
('2012-10', 24945100),
('2012-11', 23879600),
('2012-12', 22347800),
('2013-01', 19487500),
('2013-02', 15053800),
('2013-03', 11015200),
('2013-04', 13182300),
('2013-05', 12367300),
('2013-06', 28609500),
('2013-07', 20185600),
('2013-08', 21494300),
('2013-09', 28175900),
('2013-10', 33368600),
('2013-11', 17815900),
('2013-12', 15156500),
('2014-01', 17141800),
('2014-02', 12331400),
('2014-03', 13051100),
('2014-04', 13317500),
('2014-05', 10970300),
('2014-06', 13565100),
('2014-07', 17634000),
('2014-08', 21694100),
('2014-09', 28200800),
('2014-11', 26211100),
('2014-12', 17735100),
('2015-01', 15254300),
('2015-02', 17591700),
('2015-03', 17747000),
('2015-04', 21874900),
('2015-05', 15379700),
('2015-06', 13984700),
('2015-07', 21119500),
('2015-08', 21453400),
('2015-09', 20045600),
('2015-10', 18533800),
('2015-11', 12882700),
('2015-12', 10812200),
('2016-01', 15274100),
('2016-02', 9777820),
('2016-03', 15320200),
('2016-04', 16175000),
('2016-05', 19405000),
('2016-06', 33471900),
('2016-07', 19365500),
('2016-08', 23758300),
('2016-09', 24841700),
('2016-10', 31413200),
('2016-11', 29793500),
('2016-12', 25875000),
('2017-01', 20903900),
('2017-02', 7373130),
('2017-03', 9389990),
('2017-04', 11133700),
('2017-05', 9065570),
('2017-06', 34184300),
('2017-07', 17442400),
('2017-08', 101135000),
('2017-09', 23363600),
('2017-10', 25099000),
('2017-11', 30440700),
('2017-12', 26237400),
('2018-01', 0),
('2018-02', 15597300),
('2018-03', 12136600),
('2018-04', 20393400),
('2018-05', 14321200),
('2018-06', 13636000),
('2018-07', 17095400),
('2018-08', 22540300),
('2018-09', 30485100),
('2018-10', 39043500),
('2018-11', 30249800),
('2018-12', 33334800);

-- --------------------------------------------------------

--
-- Table structure for table `rice`
--

CREATE TABLE `rice` (
  `Month` varchar(7) NOT NULL,
  `Quantity` float NOT NULL
) ENGINE=InnoDB DEFAULT CHARSET=utf8mb4;

--
-- Dumping data for table `rice`
--

INSERT INTO `rice` (`Month`, `Quantity`) VALUES
('2009-01', 4889150),
('2009-02', 6759440),
('2009-03', 10468600),
('2009-04', 22886400),
('2009-05', 8996690),
('2009-06', 13628900),
('2009-07', 9598700),
('2009-08', 9937620),
('2009-09', 5023130),
('2009-10', 3195730),
('2009-11', 2740200),
('2009-12', 2623350),
('2010-01', 7670980),
('2010-02', 7247210),
('2010-03', 13621900),
('2010-04', 11799200),
('2010-05', 9116640),
('2010-06', 18854500),
('2010-07', 19676600),
('2010-08', 19584900),
('2010-09', 13089000),
('2010-10', 6218820),
('2010-11', 8992610),
('2010-12', 8169960),
('2011-01', 11858600),
('2011-02', 10995200),
('2011-03', 7361290),
('2011-04', 6589740),
('2011-05', 12999400),
('2011-06', 11515300),
('2011-07', 7558600),
('2011-08', 15415500),
('2011-09', 20863200),
('2011-10', 22514900),
('2011-11', 21609000),
('2011-12', 34993500),
('2012-01', 50664900),
('2012-02', 44765100),
('2012-03', 24698800),
('2012-04', 25857500),
('2012-05', 47303000),
('2012-06', 65864200),
('2012-07', 46017700),
('2012-08', 34821200),
('2012-09', 19472200),
('2012-10', 20708600),
('2012-11', 22010900),
('2012-12', 91225000),
('2013-01', 86210600),
('2013-02', 60079000),
('2013-03', 39986800),
('2013-04', 28668900),
('2013-05', 48693100),
('2013-06', 41214500),
('2013-07', 23663900),
('2013-08', 19123000),
('2013-09', 21012400),
('2013-10', 18256200),
('2013-11', 21107100),
('2013-12', 84624700),
('2014-01', 72961000),
('2014-02', 61620300),
('2014-03', 47308800),
('2014-04', 41065200),
('2014-05', 40014200),
('2014-06', 42557600),
('2014-07', 42894400),
('2014-08', 53416300),
('2014-09', 54953400),
('2014-10', 28729000),
('2014-11', 43707700),
('2014-12', 88710600),
('2015-01', 105647000),
('2015-02', 81281600),
('2015-03', 59245100),
('2015-04', 42217500),
('2015-05', 61748300),
('2015-06', 54693300),
('2015-07', 46276900),
('2015-08', 34166000),
('2015-09', 32179800),
('2015-10', 24763400),
('2015-11', 22127800),
('2015-12', 48076000),
('2016-01', 55174600),
('2016-02', 61755700),
('2016-03', 62969400),
('2016-04', 68466600),
('2016-05', 50730200),
('2016-06', 51723400),
('2016-07', 34979000),
('2016-08', 36825200),
('2016-09', 29341400),
('2016-10', 23575300),
('2016-11', 48567400),
('2016-12', 81204200),
('2017-01', 89643100),
('2017-02', 56670600),
('2017-03', 54716000),
('2017-04', 45823600),
('2017-05', 35528400),
('2017-06', 49074300),
('2017-07', 40644600),
('2017-08', 39634700),
('2017-09', 45962100),
('2017-10', 33277200),
('2017-11', 50134300),
('2017-12', 96210500),
('2018-01', 133993000),
('2018-02', 71751100),
('2018-03', 52677400),
('2018-04', 51825500),
('2018-05', 65972500),
('2018-06', 52741000),
('2018-07', 52260100),
('2018-08', 60103700),
('2018-09', 57216000),
('2018-10', 48461800),
('2018-11', 67120700),
('2018-12', 108519000);

-- --------------------------------------------------------

--
-- Table structure for table `tea`
--

CREATE TABLE `tea` (
  `Month` varchar(7) NOT NULL,
  `Quantity` float NOT NULL
) ENGINE=InnoDB DEFAULT CHARSET=utf8mb4;

--
-- Dumping data for table `tea`
--

INSERT INTO `tea` (`Month`, `Quantity`) VALUES
('2009-01', 512594),
('2009-02', 436396),
('2009-03', 365149),
('2009-04', 720778),
('2009-05', 807178),
('2009-06', 900568),
('2009-07', 1337680),
('2009-08', 987313),
('2009-09', 861445),
('2009-10', 828735),
('2009-11', 818794),
('2009-12', 638640),
('2010-01', 349295),
('2010-02', 280136),
('2010-03', 325157),
('2010-04', 434502),
('2010-05', 723325),
('2010-06', 1160660),
('2010-07', 1250240),
('2010-08', 1367600),
('2010-09', 2015340),
('2010-10', 557748),
('2010-11', 984342),
('2010-12', 660023),
('2011-01', 518984),
('2011-02', 313182),
('2011-03', 450624),
('2011-04', 562585),
('2011-05', 734113),
('2011-06', 1099470),
('2011-07', 864502),
('2011-08', 886984),
('2011-09', 1072830),
('2011-10', 628631),
('2011-11', 1015030),
('2011-12', 707462),
('2012-01', 489832),
('2012-02', 449860),
('2012-03', 263093),
('2012-04', 674061),
('2012-05', 1084660),
('2012-06', 950185),
('2012-07', 1280530),
('2012-08', 1202180),
('2012-09', 960377),
('2012-10', 647842),
('2012-11', 1069820),
('2012-12', 1208820),
('2013-01', 822388),
('2013-02', 285810),
('2013-03', 206880),
('2013-04', 922777),
('2013-05', 722437),
('2013-06', 1290820),
('2013-07', 1590650),
('2013-08', 1128760),
('2013-09', 1252470),
('2013-10', 848695),
('2013-11', 833137),
('2013-12', 1392960),
('2014-01', 1102420),
('2014-02', 266726),
('2014-03', 266253),
('2014-04', 704262),
('2014-05', 966488),
('2014-06', 991587),
('2014-07', 1307280),
('2014-08', 1047500),
('2014-09', 1450530),
('2014-10', 734860),
('2014-11', 1582200),
('2014-12', 1064920),
('2015-01', 675410),
('2015-02', 577613),
('2015-03', 346247),
('2015-04', 849418),
('2015-05', 970126),
('2015-06', 804048),
('2015-07', 1017120),
('2015-08', 1114340),
('2015-09', 850857),
('2015-10', 1420540),
('2015-11', 1496520),
('2015-12', 2063360),
('2016-01', 1490600),
('2016-02', 588053),
('2016-03', 122536),
('2016-04', 789597),
('2016-05', 911218),
('2016-06', 1056140),
('2016-07', 1768830),
('2016-08', 1905720),
('2016-09', 1445860),
('2016-10', 1030220),
('2016-11', 995003),
('2016-12', 1243250),
('2017-01', 1097980),
('2017-02', 377408),
('2017-03', 145226),
('2017-04', 671469),
('2017-05', 995723),
('2017-06', 950133),
('2017-07', 794155),
('2017-08', 1490590),
('2017-09', 1358730),
('2017-10', 1015450),
('2017-11', 3027910),
('2017-12', 894781),
('2018-01', 0),
('2018-02', 588310),
('2018-03', 245992),
('2018-04', 942909),
('2018-05', 1207580),
('2018-06', 1316290),
('2018-07', 1763900),
('2018-08', 3410340),
('2018-09', 2027490),
('2018-10', 1045740),
('2018-11', 1747230),
('2018-12', 1266760);

--
-- Indexes for dumped tables
--

--
-- Indexes for table `apple`
--
ALTER TABLE `apple`
  ADD UNIQUE KEY `Month` (`Month`);

--
-- Indexes for table `elaichi`
--
ALTER TABLE `elaichi`
  ADD PRIMARY KEY (`Month`);

--
-- Indexes for table `herbs`
--
ALTER TABLE `herbs`
  ADD PRIMARY KEY (`Month`);

--
-- Indexes for table `potato`
--
ALTER TABLE `potato`
  ADD UNIQUE KEY `Month` (`Month`);

--
-- Indexes for table `rice`
--
ALTER TABLE `rice`
  ADD UNIQUE KEY `Month` (`Month`);

--
-- Indexes for table `tea`
--
ALTER TABLE `tea`
  ADD UNIQUE KEY `Month` (`Month`);
COMMIT;

/*!40101 SET CHARACTER_SET_CLIENT=@OLD_CHARACTER_SET_CLIENT */;
/*!40101 SET CHARACTER_SET_RESULTS=@OLD_CHARACTER_SET_RESULTS */;
/*!40101 SET COLLATION_CONNECTION=@OLD_COLLATION_CONNECTION */;
